title,description,genre,avg_rating,num_ratings
Шлях ліс,"Ця книга розповідає про ліс, де кожен поворот сюжету тримає в напрузі. Читацький досвід збагачений глибокими роздумами про ліс. Історія сповнена символіки та метафор, що відображають ліс.",Фентезі,4.0,459
Пошуки мандрівка,"Автор занурює читача в атмосферу мандрівка, поєднуючи драму та пригоди. Історія сповнена символіки та метафор, що відображають мандрівка. Читацький досвід збагачений глибокими роздумами про мандрівка.",Нон-фікшн,4.9,612
Загадковий океан,"Історія сповнена символіки та метафор, що відображають океан. Роман ідеально пасує для шанувальників жанру, хто цінує океан. Ця книга розповідає про океан, де кожен поворот сюжету тримає в напрузі.",Поезія,2.9,784
Подорож до двір,"Читацький досвід збагачений глибокими роздумами про двір. Роман ідеально пасує для шанувальників жанру, хто цінує двір. Історія сповнена символіки та метафор, що відображають двір.",Проза,4.4,193
Подорож до мандрівка,"Автор занурює читача в атмосферу мандрівка, поєднуючи драму та пригоди. Читацький досвід збагачений глибокими роздумами про мандрівка. Ця книга розповідає про мандрівка, де кожен поворот сюжету тримає в напрузі.",Детектив,2.2,101
Пошуки код,"Ця книга розповідає про код, де кожен поворот сюжету тримає в напрузі. Читацький досвід збагачений глибокими роздумами про код. Історія сповнена символіки та метафор, що відображають код.",Поезія,3.3,337
Шлях двір,"Ця книга розповідає про двір, де кожен поворот сюжету тримає в напрузі. Історія сповнена символіки та метафор, що відображають двір. Автор занурює читача в атмосферу двір, поєднуючи драму та пригоди.",Нон-фікшн,2.0,87
Пошуки океан,"Автор занурює читача в атмосферу океан, поєднуючи драму та пригоди. Історія сповнена символіки та метафор, що відображають океан. Роман ідеально пасує для шанувальників жанру, хто цінує океан.",Поезія,3.7,297
Тихий океан,"Ця книга розповідає про океан, де кожен поворот сюжету тримає в напрузі. Читацький досвід збагачений глибокими роздумами про океан. Автор занурює читача в атмосферу океан, поєднуючи драму та пригоди.",Нон-фікшн,2.2,346
Подорож до дорога,"Читацький досвід збагачений глибокими роздумами про дорога. Роман ідеально пасує для шанувальників жанру, хто цінує дорога. Історія сповнена символіки та метафор, що відображають дорога.",Фентезі,4.1,431
Шлях мандрівка,"Ця книга розповідає про мандрівка, де кожен поворот сюжету тримає в напрузі. Автор занурює читача в атмосферу мандрівка, поєднуючи драму та пригоди. Читацький досвід збагачений глибокими роздумами про мандрівка.",Фентезі,1.7,363
Шлях ліс,"Читацький досвід збагачений глибокими роздумами про ліс. Роман ідеально пасує для шанувальників жанру, хто цінує ліс. Історія сповнена символіки та метафор, що відображають ліс.",Нон-фікшн,2.2,166
Золотий код,"Історія сповнена символіки та метафор, що відображають код. Читацький досвід збагачений глибокими роздумами про код. Роман ідеально пасує для шанувальників жанру, хто цінує код.",Фентезі,2.5,20
Срібний місто,"Автор занурює читача в атмосферу місто, поєднуючи драму та пригоди. Читацький досвід збагачений глибокими роздумами про місто. Ця книга розповідає про місто, де кожен поворот сюжету тримає в напрузі.",Проза,3.2,848
Шлях ніч,"Історія сповнена символіки та метафор, що відображають ніч. Роман ідеально пасує для шанувальників жанру, хто цінує ніч. Автор занурює читача в атмосферу ніч, поєднуючи драму та пригоди.",Проза,3.1,824
Подорож до місто,"Читацький досвід збагачений глибокими роздумами про місто. Роман ідеально пасує для шанувальників жанру, хто цінує місто. Автор занурює читача в атмосферу місто, поєднуючи драму та пригоди.",Нон-фікшн,3.3,818
Шлях ліс,"Історія сповнена символіки та метафор, що відображають ліс. Читацький досвід збагачений глибокими роздумами про ліс. Автор занурює читача в атмосферу ліс, поєднуючи драму та пригоди.",Проза,4.3,38
Шлях сонце,"Історія сповнена символіки та метафор, що відображають сонце. Роман ідеально пасує для шанувальників жанру, хто цінує сонце. Автор занурює читача в атмосферу сонце, поєднуючи драму та пригоди.",Детектив,4.6,186
Шлях двір,"Роман ідеально пасує для шанувальників жанру, хто цінує двір. Читацький досвід збагачений глибокими роздумами про двір. Історія сповнена символіки та метафор, що відображають двір.",Фентезі,3.1,474
Подорож до сновидіння,"Читацький досвід збагачений глибокими роздумами про сновидіння. Історія сповнена символіки та метафор, що відображають сновидіння. Автор занурює читача в атмосферу сновидіння, поєднуючи драму та пригоди.",Фентезі,1.2,420
Пошуки код,"Ця книга розповідає про код, де кожен поворот сюжету тримає в напрузі. Автор занурює читача в атмосферу код, поєднуючи драму та пригоди. Читацький досвід збагачений глибокими роздумами про код.",Фентезі,2.8,828
Пошуки сонце,"Історія сповнена символіки та метафор, що відображають сонце. Роман ідеально пасує для шанувальників жанру, хто цінує сонце. Автор занурює читача в атмосферу сонце, поєднуючи драму та пригоди.",Детектив,4.3,531
Подорож до сонце,"Читацький досвід збагачений глибокими роздумами про сонце. Роман ідеально пасує для шанувальників жанру, хто цінує сонце. Історія сповнена символіки та метафор, що відображають сонце.",Поезія,4.7,929
Пригоди в ніч,"Історія сповнена символіки та метафор, що відображають ніч. Ця книга розповідає про ніч, де кожен поворот сюжету тримає в напрузі. Автор занурює читача в атмосферу ніч, поєднуючи драму та пригоди.",Нон-фікшн,3.1,462
Шлях двір,"Роман ідеально пасує для шанувальників жанру, хто цінує двір. Ця книга розповідає про двір, де кожен поворот сюжету тримає в напрузі. Читацький досвід збагачений глибокими роздумами про двір.",Фентезі,4.2,67
Шлях код,"Роман ідеально пасує для шанувальників жанру, хто цінує код. Ця книга розповідає про код, де кожен поворот сюжету тримає в напрузі. Читацький досвід збагачений глибокими роздумами про код.",Фентезі,1.7,586
Шлях місто,"Роман ідеально пасує для шанувальників жанру, хто цінує місто. Автор занурює читача в атмосферу місто, поєднуючи драму та пригоди. Читацький досвід збагачений глибокими роздумами про місто.",Нон-фікшн,1.8,120
Шлях двір,"Історія сповнена символіки та метафор, що відображають двір. Ця книга розповідає про двір, де кожен поворот сюжету тримає в напрузі. Читацький досвід збагачений глибокими роздумами про двір.",Фентезі,3.5,830
Золотий мандрівка,"Читацький досвід збагачений глибокими роздумами про мандрівка. Ця книга розповідає про мандрівка, де кожен поворот сюжету тримає в напрузі. Роман ідеально пасує для шанувальників жанру, хто цінує мандрівка.",Фентезі,1.5,221
Шлях двір,"Історія сповнена символіки та метафор, що відображають двір. Роман ідеально пасує для шанувальників жанру, хто цінує двір. Ця книга розповідає про двір, де кожен поворот сюжету тримає в напрузі.",Нон-фікшн,1.0,335
Незвіданий ніч,"Ця книга розповідає про ніч, де кожен поворот сюжету тримає в напрузі. Історія сповнена символіки та метафор, що відображають ніч. Роман ідеально пасує для шанувальників жанру, хто цінує ніч.",Проза,4.6,402
Пригоди в сонце,"Історія сповнена символіки та метафор, що відображають сонце. Ця книга розповідає про сонце, де кожен поворот сюжету тримає в напрузі. Роман ідеально пасує для шанувальників жанру, хто цінує сонце.",Детектив,2.0,39
Загадковий сонце,"Історія сповнена символіки та метафор, що відображають сонце. Автор занурює читача в атмосферу сонце, поєднуючи драму та пригоди. Читацький досвід збагачений глибокими роздумами про сонце.",Поезія,4.5,734
Подорож до океан,"Роман ідеально пасує для шанувальників жанру, хто цінує океан. Ця книга розповідає про океан, де кожен поворот сюжету тримає в напрузі. Читацький досвід збагачений глибокими роздумами про океан.",Проза,4.3,207
Срібний океан,"Історія сповнена символіки та метафор, що відображають океан. Роман ідеально пасує для шанувальників жанру, хто цінує океан. Ця книга розповідає про океан, де кожен поворот сюжету тримає в напрузі.",Проза,4.9,869
Шлях двір,"Читацький досвід збагачений глибокими роздумами про двір. Автор занурює читача в атмосферу двір, поєднуючи драму та пригоди. Історія сповнена символіки та метафор, що відображають двір.",Проза,1.9,675
Пошуки двір,"Історія сповнена символіки та метафор, що відображають двір. Ця книга розповідає про двір, де кожен поворот сюжету тримає в напрузі. Автор занурює читача в атмосферу двір, поєднуючи драму та пригоди.",Детектив,2.5,206
Золотий код,"Роман ідеально пасує для шанувальників жанру, хто цінує код. Історія сповнена символіки та метафор, що відображають код. Ця книга розповідає про код, де кожен поворот сюжету тримає в напрузі.",Нон-фікшн,2.0,94
Шлях код,"Історія сповнена символіки та метафор, що відображають код. Роман ідеально пасує для шанувальників жанру, хто цінує код. Автор занурює читача в атмосферу код, поєднуючи драму та пригоди.",Детектив,1.9,596
Шлях код,"Історія сповнена символіки та метафор, що відображають код. Автор занурює читача в атмосферу код, поєднуючи драму та пригоди. Роман ідеально пасує для шанувальників жанру, хто цінує код.",Фентезі,2.8,473
Пошуки ліс,"Автор занурює читача в атмосферу ліс, поєднуючи драму та пригоди. Історія сповнена символіки та метафор, що відображають ліс. Роман ідеально пасує для шанувальників жанру, хто цінує ліс.",Детектив,2.3,59
Подорож до сонце,"Роман ідеально пасує для шанувальників жанру, хто цінує сонце. Історія сповнена символіки та метафор, що відображають сонце. Ця книга розповідає про сонце, де кожен поворот сюжету тримає в напрузі.",Поезія,1.4,752
Шлях код,"Ця книга розповідає про код, де кожен поворот сюжету тримає в напрузі. Роман ідеально пасує для шанувальників жанру, хто цінує код. Читацький досвід збагачений глибокими роздумами про код.",Детектив,2.5,482
Шлях сонце,"Ця книга розповідає про сонце, де кожен поворот сюжету тримає в напрузі. Читацький досвід збагачений глибокими роздумами про сонце. Автор занурює читача в атмосферу сонце, поєднуючи драму та пригоди.",Нон-фікшн,1.1,223
Подорож до сновидіння,"Історія сповнена символіки та метафор, що відображають сновидіння. Ця книга розповідає про сновидіння, де кожен поворот сюжету тримає в напрузі. Читацький досвід збагачений глибокими роздумами про сновидіння.",Фентезі,2.1,315
Подорож до океан,"Автор занурює читача в атмосферу океан, поєднуючи драму та пригоди. Ця книга розповідає про океан, де кожен поворот сюжету тримає в напрузі. Роман ідеально пасує для шанувальників жанру, хто цінує океан.",Проза,1.3,205
Пошуки двір,"Ця книга розповідає про двір, де кожен поворот сюжету тримає в напрузі. Читацький досвід збагачений глибокими роздумами про двір. Роман ідеально пасує для шанувальників жанру, хто цінує двір.",Поезія,1.3,558
Подорож до двір,"Читацький досвід збагачений глибокими роздумами про двір. Історія сповнена символіки та метафор, що відображають двір. Автор занурює читача в атмосферу двір, поєднуючи драму та пригоди.",Поезія,4.9,347
Шлях двір,"Автор занурює читача в атмосферу двір, поєднуючи драму та пригоди. Ця книга розповідає про двір, де кожен поворот сюжету тримає в напрузі. Роман ідеально пасує для шанувальників жанру, хто цінує двір.",Поезія,1.3,307
Пошуки код,"Роман ідеально пасує для шанувальників жанру, хто цінує код. Читацький досвід збагачений глибокими роздумами про код. Ця книга розповідає про код, де кожен поворот сюжету тримає в напрузі.",Детектив,3.9,615
